{"RuleTriggered": 0, "Violations": 0, "Details": {"Network": {"algo-1": {"max": 89192813.7, "p99": 123.53, "p95": 0, "p50": 0, "min": 0}}, "GPU": {"algo-1": {"max": 100.0, "p99": 100.0, "p95": 90.6, "p50": 0, "min": 0}}, "CPU": {"algo-1": {"max": 98.53, "p99": 96.9, "p95": 92.19, "p50": 42.46, "min": 0.5}}, "CPU memory": {"algo-1": {"max": 30.56, "p99": 27.63, "p95": 24.65, "p50": 20.73, "min": 6.46}}, "GPU memory": {"algo-1": {"max": 100.0, "p99": 97.0, "p95": 86.6, "p50": 0, "min": 0}}, "I/O": {"algo-1": {"max": 82.12, "p99": 63.1, "p95": 42.0, "p50": 0.5, "min": 0}}}, "Datapoints": 948, "RuleParameters": ""}